{
  "test_comp": {
    "twm": {
      "exact_f1": 0.7409956709956709,
      "exact_match": 0.509090909090909,
      "sem_f1": 0.8182683982683981,
      "sem_exact": 0.6363636363636364
    },
    "llm": {
      "exact_f1": 0.556969696969697,
      "sem_f1": 0.7275757575757575,
      "exact_match": 0.2909090909090909,
      "sem_exact": 0.5272727272727272
    }
  },
  "test_seen": {
    "twm": {
      "exact_f1": 0.738095238095238,
      "exact_match": 0.5384615384615384,
      "sem_f1": 0.856043956043956,
      "sem_exact": 0.6538461538461539
    },
    "llm": {
      "exact_f1": 0.565018315018315,
      "sem_f1": 0.684981684981685,
      "exact_match": 0.3076923076923077,
      "sem_exact": 0.38461538461538464
    }
  },
  "openpi_dev": {
    "twm": {
      "exact_f1": 0.8333333333333333,
      "exact_match": 0.75,
      "sem_f1": 0.9166666666666666,
      "sem_exact": 0.75
    },
    "llm": {
      "exact_f1": 0.5833333333333334,
      "sem_f1": 0.8333333333333334,
      "exact_match": 0.5,
      "sem_exact": 0.75
    }
  }
}